App,Run,Checkpoint period (mode periodic),input number,iterations,On-time,Off-time,On count,Off count,runtime,checkpoints,restores,Duty Cycle,Active runtime
Bitcount,0,200,2147483647,30000,6000,0,1,0,74457,372,0,100,74457
Bitcount,0,200,2147483647,30000,5000,1000,16,15,92283,372,15,83.33333333,77283
Bitcount,0,200,2147483647,30000,4000,2000,20,19,116178,372,19,66.66666667,78178
Bitcount,0,200,2147483647,30000,3000,3000,25,24,148990,372,24,50,76990
Bitcount,0,200,2147483647,30000,2000,4000,45,44,267977,372,44,33.33333333,91977
Bitcount,0,200,2147483647,30000,1000,5000,118,117,705503,372,117,16.66666667,120503