App,Run,Checkpoint period (mode periodic),input number,iterations,On-time,Off-time,On count,Off count,runtime,checkpoints,restores,Duty Cycle,Active runtime
Fibonacci,0,200,40,30000,6000,0,1,0,75605,379,0,100,75605
Fibonacci,0,200,40,30000,5000,1000,16,15,93574,379,15,83.33333333,78574
Fibonacci,0,200,40,30000,4000,2000,19,18,109024,374,18,66.66666667,73024
Fibonacci,0,200,40,30000,3000,3000,24,23,143214,374,23,50,74214
Fibonacci,0,200,40,30000,2000,4000,44,43,259123,374,43,33.33333333,87123
Fibonacci,0,200,40,30000,1000,5000,120,119,714579,375,117,16.66666667,119579